{
  "backpropType" : "Standard",
  "cacheMode" : "NONE",
  "defaultConfiguration" : {
    "cacheMode" : "NONE",
    "epochCount" : 0,
    "iterationCount" : 0,
    "layer" : null,
    "maxNumLineSearchIterations" : 5,
    "miniBatch" : true,
    "minimize" : true,
    "optimizationAlgo" : "STOCHASTIC_GRADIENT_DESCENT",
    "seed" : 1554128383529,
    "stepFunction" : null,
    "variables" : [ "lstm_6_W", "lstm_6_RW", "lstm_6_b", "dense_11_W", "dense_11_b", "dense_12_W", "dense_12_b" ]
  },
  "epochCount" : 0,
  "inferenceWorkspaceMode" : "ENABLED",
  "iterationCount" : 0,
  "networkInputs" : [ "input_6" ],
  "networkOutputs" : [ "dense_12_loss" ],
  "tbpttBackLength" : 20,
  "tbpttFwdLength" : 20,
  "topologicalOrder" : [ 0, 1, 2, 3, 4 ],
  "topologicalOrderStr" : [ "input_6", "lstm_6", "dense_11", "dense_12", "dense_12_loss" ],
  "trainingWorkspaceMode" : "ENABLED",
  "validateOutputLayerConfig" : true,
  "vertexInputs" : {
    "lstm_6" : [ "input_6" ],
    "dense_11" : [ "lstm_6" ],
    "dense_12" : [ "dense_11" ],
    "dense_12_loss" : [ "dense_12" ]
  },
  "vertices" : {
    "lstm_6" : {
      "@class" : "org.deeplearning4j.nn.conf.graph.LayerVertex",
      "layerConf" : {
        "cacheMode" : "NONE",
        "epochCount" : 0,
        "iterationCount" : 0,
        "layer" : {
          "@class" : "org.deeplearning4j.nn.conf.layers.recurrent.LastTimeStep",
          "constraints" : null,
          "gradientNormalization" : "None",
          "gradientNormalizationThreshold" : 1.0,
          "idropout" : null,
          "layerName" : "lstm_6",
          "underlying" : {
            "@class" : "org.deeplearning4j.nn.conf.layers.LSTM",
            "activationFn" : {
              "@class" : "org.nd4j.linalg.activations.impl.ActivationTanH"
            },
            "biasInit" : 0.0,
            "biasUpdater" : null,
            "constraints" : null,
            "forgetGateBiasInit" : 1.0,
            "gainInit" : 1.0,
            "gateActivationFn" : {
              "@class" : "org.nd4j.linalg.activations.impl.ActivationHardSigmoid"
            },
            "gradientNormalization" : "None",
            "gradientNormalizationThreshold" : 1.0,
            "idropout" : {
              "@class" : "org.deeplearning4j.nn.conf.dropout.Dropout",
              "p" : 1.0,
              "pschedule" : null
            },
            "iupdater" : {
              "@class" : "org.nd4j.linalg.learning.config.Nadam",
              "beta1" : 0.8999999761581421,
              "beta2" : 0.9990000128746033,
              "epsilon" : 1.0E-7,
              "learningRate" : 0.0020000000949949026
            },
            "layerName" : "lstm_6",
            "nin" : 6,
            "nout" : 100,
            "regularization" : [ ],
            "regularizationBias" : [ ],
            "weightInitFn" : {
              "@class" : "org.deeplearning4j.nn.weights.WeightInitVarScalingUniformFanAvg"
            },
            "weightInitFnRecurrent" : {
              "@class" : "org.deeplearning4j.nn.weights.WeightInitDistribution",
              "distribution" : {
                "type" : "org.deeplearning4j.nn.conf.distribution.OrthogonalDistribution",
                "gain" : 1.0
              }
            },
            "weightNoise" : null
          }
        },
        "maxNumLineSearchIterations" : 5,
        "miniBatch" : true,
        "minimize" : true,
        "optimizationAlgo" : "STOCHASTIC_GRADIENT_DESCENT",
        "seed" : 1554128383529,
        "stepFunction" : null,
        "variables" : [ ]
      },
      "outputVertex" : false,
      "preProcessor" : null
    },
    "dense_11" : {
      "@class" : "org.deeplearning4j.nn.conf.graph.LayerVertex",
      "layerConf" : {
        "cacheMode" : "NONE",
        "epochCount" : 0,
        "iterationCount" : 0,
        "layer" : {
          "@class" : "org.deeplearning4j.nn.conf.layers.DenseLayer",
          "activationFn" : {
            "@class" : "org.nd4j.linalg.activations.impl.ActivationTanH"
          },
          "biasInit" : 0.0,
          "biasUpdater" : null,
          "constraints" : null,
          "gainInit" : 1.0,
          "gradientNormalization" : "None",
          "gradientNormalizationThreshold" : 1.0,
          "hasBias" : true,
          "hasLayerNorm" : false,
          "idropout" : {
            "@class" : "org.deeplearning4j.nn.conf.dropout.Dropout",
            "p" : 1.0,
            "pschedule" : null
          },
          "iupdater" : {
            "@class" : "org.nd4j.linalg.learning.config.Nadam",
            "beta1" : 0.8999999761581421,
            "beta2" : 0.9990000128746033,
            "epsilon" : 1.0E-7,
            "learningRate" : 0.0020000000949949026
          },
          "layerName" : "dense_11",
          "nin" : 100,
          "nout" : 7,
          "regularization" : [ ],
          "regularizationBias" : [ ],
          "weightInitFn" : {
            "@class" : "org.deeplearning4j.nn.weights.WeightInitVarScalingUniformFanAvg"
          },
          "weightNoise" : null
        },
        "maxNumLineSearchIterations" : 5,
        "miniBatch" : true,
        "minimize" : true,
        "optimizationAlgo" : "STOCHASTIC_GRADIENT_DESCENT",
        "seed" : 1554128383529,
        "stepFunction" : null,
        "variables" : [ "W", "b" ]
      },
      "outputVertex" : false,
      "preProcessor" : null
    },
    "dense_12" : {
      "@class" : "org.deeplearning4j.nn.conf.graph.LayerVertex",
      "layerConf" : {
        "cacheMode" : "NONE",
        "epochCount" : 0,
        "iterationCount" : 0,
        "layer" : {
          "@class" : "org.deeplearning4j.nn.conf.layers.DenseLayer",
          "activationFn" : {
            "@class" : "org.nd4j.linalg.activations.impl.ActivationSigmoid"
          },
          "biasInit" : 0.0,
          "biasUpdater" : null,
          "constraints" : null,
          "gainInit" : 1.0,
          "gradientNormalization" : "None",
          "gradientNormalizationThreshold" : 1.0,
          "hasBias" : true,
          "hasLayerNorm" : false,
          "idropout" : {
            "@class" : "org.deeplearning4j.nn.conf.dropout.Dropout",
            "p" : 1.0,
            "pschedule" : null
          },
          "iupdater" : {
            "@class" : "org.nd4j.linalg.learning.config.Nadam",
            "beta1" : 0.8999999761581421,
            "beta2" : 0.9990000128746033,
            "epsilon" : 1.0E-7,
            "learningRate" : 0.0020000000949949026
          },
          "layerName" : "dense_12",
          "nin" : 7,
          "nout" : 1,
          "regularization" : [ ],
          "regularizationBias" : [ ],
          "weightInitFn" : {
            "@class" : "org.deeplearning4j.nn.weights.WeightInitVarScalingUniformFanAvg"
          },
          "weightNoise" : null
        },
        "maxNumLineSearchIterations" : 5,
        "miniBatch" : true,
        "minimize" : true,
        "optimizationAlgo" : "STOCHASTIC_GRADIENT_DESCENT",
        "seed" : 1554128383529,
        "stepFunction" : null,
        "variables" : [ "W", "b" ]
      },
      "outputVertex" : false,
      "preProcessor" : null
    },
    "dense_12_loss" : {
      "@class" : "org.deeplearning4j.nn.conf.graph.LayerVertex",
      "layerConf" : {
        "cacheMode" : "NONE",
        "epochCount" : 0,
        "iterationCount" : 0,
        "layer" : {
          "@class" : "org.deeplearning4j.nn.conf.layers.LossLayer",
          "activationFn" : {
            "@class" : "org.nd4j.linalg.activations.impl.ActivationIdentity"
          },
          "biasInit" : 0.0,
          "biasUpdater" : null,
          "constraints" : null,
          "gainInit" : 1.0,
          "gradientNormalization" : "None",
          "gradientNormalizationThreshold" : 1.0,
          "idropout" : null,
          "iupdater" : {
            "@class" : "org.nd4j.linalg.learning.config.Nadam",
            "beta1" : 0.8999999761581421,
            "beta2" : 0.9990000128746033,
            "epsilon" : 1.0E-7,
            "learningRate" : 0.0020000000949949026
          },
          "layerName" : "dense_12_loss",
          "lossFn" : {
            "@class" : "org.nd4j.linalg.lossfunctions.impl.LossBinaryXENT",
            "clipEps" : 1.0E-5,
            "configProperties" : false,
            "numOutputs" : -1
          },
          "nin" : 1,
          "nout" : 0,
          "regularization" : [ ],
          "regularizationBias" : [ ],
          "weightInitFn" : {
            "@class" : "org.deeplearning4j.nn.weights.WeightInitXavier"
          },
          "weightNoise" : null
        },
        "maxNumLineSearchIterations" : 5,
        "miniBatch" : true,
        "minimize" : true,
        "optimizationAlgo" : "STOCHASTIC_GRADIENT_DESCENT",
        "seed" : 1554128383529,
        "stepFunction" : null,
        "variables" : [ ]
      },
      "outputVertex" : false,
      "preProcessor" : null
    }
  }
}